"Produto","Codigo","Descricao","Cores","Preco","PrecoPromocional","Foto","Tag","MaisVendido","Esgotado","","","","","","","","","","","","","","","","","","",""
"Estrela Sensorial","SEN-01","Consulte Cores Disponíveis","","29,90","24,90","","","","","","","","","","","","","","","","","","","","","","",""
"Cubo Infinito Estelar","SEN-02","Consulte Cores Disponíveis","","24,90","19,90","","","","","","","","","","","","","","","","","","","","","","",""
"Cubo Infinito","SEN-03","Consulte Cores Disponíveis","","24,90","19,90","","","","","","","","","","","","","","","","","","","","","","",""
"Ovo Mágico","SEN-04","Consulte Cores Disponíveis","","34,90","","","","Sim","","","","","","","","","","","","","","","","","","","",""
"Dragão Articulado","SEN-05","Consulte Cores Disponíveis","","29,90","","","","","","","","","","","","","","","","","","","","","","","",""
"Milho Sensorial","KID-01","","","39,90","","","Lançamento","","","","","","","","","","","","","","","","","","","","",""
"Banana Articulada","KID-02","","","29,90","","","Lançamento","","","","","","","","","","","","","","","","","","","","",""
"Ovo com Casca","KID-03","","","19,90","","","Lançamento","","","","","","","","","","","","","","","","","","","","",""
"Coxa de Frango","KID-04","","","16,90","","","Lançamento","","","","","","","","","","","","","","","","","","","","",""
"Frigideira + Espatula","KID-05","","","29,90","","","Lançamento","","","","","","","","","","","","","","","","","","","","",""
"Jogo da Memória","KID-06","","","59,90","","","Lançamento","","","","","","","","","","","","","","","","","","","","",""
"Dinossauros do Equilíbrio","KID-07","","","29,90","","","Lançamento","","","","","","","","","","","","","","","","","","","","",""
"Jogo do Pontinho","KID-08","","","169,90","","","Lançamento","","","","","","","","","","","","","","","","","","","","",""
"Tic Tac Toe","KID-09","","","29,90","","","Lançamento","","","","","","","","","","","","","","","","","","","","",""
"Código da Garrafinha","KID-10","","","54,90","","","Lançamento","","","","","","","","","","","","","","","","","","","","",""
"Gira Gira","KID-11","","","24,90","","","Lançamento","","","","","","","","","","","","","","","","","","","","",""
"Cilindro Infinito","KID-12","","","22,90","","","Lançamento","","","","","","","","","","","","","","","","","","","","",""
"Pote de Tempero","KID-13","Com barulhinho","","14,90","","","Lançamento","","","","","","","","","","","","","","","","","","","","",""
"Pegador de Comidinha","KID-14","","","9,90","","","Lançamento","","","","","","","","","","","","","","","","","","","","",""
"Kit Friturinha","KID-15","Kitzinho pronto","","45,90","","","Lançamento","Sim","","","","","","","","","","","","","","","","","","","",""
"Kit Verutas","KID-16","Kitzinho pronto","","84,90","","","Lançamento","Sim","","","","","","","","","","","","","","","","","","","",""
"Kit Massas Premium","KID-17","Kitzinho pronto","","144,90","","","Lançamento","","","","","","","","","","","","","","","","","","","","",""
"Pote de Massa de Tomate","KID-18","Com experiencia","","28,90","","","Lançamento","","","","","","","","","","","","","","","","","","","","",""
"Kit Massas","KID-19","Kitzinho pronto","","99,90","","","Lançamento","Sim","","","","","","","","","","","","","","","","","","","",""
"Molho de Pimenta","KID-20","","","32,90","","","Lançamento","","","","","","","","","","","","","","","","","","","","",""
"Azeite Sensorial","KID-21","","","32,90","","","Lançamento","","","","","","","","","","","","","","","","","","","","",""
"Xicara de café supresa","KID-22","","","0,00","","","Lançamento","","Sim","","","","","","","","","","","","","","","","","","",""
"Tomate Sensorial","KID-23","","","24,90","","","Lançamento","","","","","","","","","","","","","","","","","","","","",""